{"cameraMode":{"drawMode":0,"name":"Shaded","section":"Shading Mode"},"sceneLighting":true,"audioPlay":false,"sceneViewState":{"m_AlwaysRefresh":false,"showFog":true,"showSkybox":true,"showFlares":true,"showImageEffects":true,"showParticleSystems":true,"showVisualEffectGraphs":true,"m_FxEnabled":true},"in2DMode":false,"pivot":{"x":5.780722141265869,"y":10.769987106323243,"z":18.665767669677736},"rotation":{"x":-0.038698676973581317,"y":0.008990158326923848,"z":-0.00034819947904907167,"w":-0.9992159008979797},"size":18.1572322845459,"orthographic":false}